Job_Title,Company_Name,Company_Location,Work_Method,Post_Date
Associate Software Engineer - IT MFG SQA,Micron Technology,"Hyderabad, Telangana, India",,55 minutes ago
Data Scientist,Visa,"Bengaluru, Karnataka, India",,4 hours ago
software Engineer,Cyient,"Hyderabad, Telangana, India",,2 hours ago
AI Solution Developer (ServiceNow Developer),ServiceNow,"Hyderabad, Telangana, India",On-site,34 minutes ago
"Associate, Data Scientist",DBS Bank,"Hyderabad, Telangana, India",On-site,4 weeks ago
Data Science Specialist,Corizo,India,Remote,2 hours ago
Software Engineer | Bioprinting Systems,Next Big Innovation LabsÂ®,"Bengaluru, Karnataka, India",On-site,9 hours ago
Software Development Engineer 1(185066),AMD,"Hyderabad, Telangana, India",On-site,5 hours ago
Data Scientist: Advanced Analytics,IBM,"Gurgaon, Haryana, India",On-site,9 hours ago
Data Scientist,Ralph Lauren,"Bengaluru, Karnataka, India",,3 weeks ago
Data Scientist,KONE,"Pune, Maharashtra, India",On-site,1 month ago
Data Scientist,TMF Group,"Bengaluru, Karnataka, India",,1 week ago
Data Scientist,ABB,"Bengaluru, Karnataka, India",On-site,1 month ago
"Early Engagement - Senior Data Scientist, Mumbai - DT",Baker Hughes,"Mumbai, Maharashtra, India",,1 month ago
Data Scientist,Morningstar,"Mumbai, Maharashtra, India",,1 month ago
Data Scientist,Alstom,"Bengaluru, Karnataka, India",On-site,1 month ago
Data Scientist,Hewlett Packard Enterprise,"Bengaluru, Karnataka, India",,1 week ago
Developer - Machine Learning,American Express,"Bengaluru, Karnataka, India",Hybrid,5 hours ago
Data Scientist,Barclays,"Pune, Maharashtra, India",On-site,1 month ago
Data Scientist,ABB,"Bengaluru, Karnataka, India",On-site,1 month ago
Advanced Embedded Engr,Honeywell,"Hyderabad, Telangana, India",On-site,14 hours ago
Data Scientist,Hewlett Packard Enterprise,"Pune, Maharashtra, India",,1 week ago
Distinguish Data Scientist,Schneider Electric,"Bengaluru, Karnataka, India",On-site,1 month ago
Data Scientist - Associate,DBS Bank,Mumbai Metropolitan Region,,1 month ago
Data Scientist,Hewlett Packard Enterprise,"Pune, Maharashtra, India",,6 days ago
CIEL/SEL/23692: DATA SCIENTIST,CIEL HR,"Hyderabad, Telangana, India",On-site,1 month ago
Data Science,Hewlett Packard Enterprise,"Bengaluru, Karnataka, India",,6 days ago
Data Scientist,KAS Services India Pvt Ltd,"Bengaluru, Karnataka, India",,2 weeks ago
"Data Scientist - Gurgaon, HR",Optum,"Gurgaon, Haryana, India",,2 weeks ago
Application Developer: Open Source,IBM,"Chennai, Tamil Nadu, India",On-site,1 week ago
"Engineer, Senior - Golang, Cloud & Embedded",Qualcomm,"Hyderabad, Telangana, India",On-site,28 minutes ago
Software Engineer,Volvo Group,"Bengaluru, Karnataka, India",On-site,1 week ago
Data Science,Hewlett Packard Enterprise,"Pune, Maharashtra, India",,6 days ago
"Engineer, Software Development",Nokia,Greater Bengaluru Area,On-site,1 month ago
Associate Software Engineer,To-Increase,"Telangana, India",Hybrid,44 minutes ago
Associate Lead Data Scientist(JR00094543),Bajaj Finserv,"Pune, Maharashtra, India",,2 weeks ago
Data Scientist,Applied Materials,"Bengaluru, Karnataka, India",On-site,2 days ago
Data Scientist,Socure,"Chennai, Tamil Nadu, India",,1 week ago
Data Scientist,MetaMap,"Bengaluru, Karnataka, India",Remote,2 weeks ago
Java Software Engineer,LTI - Larsen & Toubro Infotech,"Mumbai, Maharashtra, India",Hybrid,5 hours ago
Application Developer: EAI,IBM,"Hyderabad, Telangana, India",On-site,1 week ago
Data Scientist,Applied Materials,"Bengaluru, Karnataka, India",On-site,2 weeks ago
"Data Scientist, II",Zebra Technologies,"Bengaluru, Karnataka, India",,6 days ago
"Data Scientist, II",Zebra Technologies,"Bengaluru, Karnataka, India",On-site,1 week ago
LTE Development Engineer,Tata Consultancy Services,"Hyderabad, Telangana, India",On-site,14 minutes ago
Data Scientist (Remote),CES,"Hyderabad, Telangana, India",Remote,1 month ago
Software Programmer - Java,IT Industry,"Chennai, Tamil Nadu, India",On-site,1 hour ago
Software Engineer,LSEG (London Stock Exchange Group),"Bengaluru, Karnataka, India",Hybrid,5 hours ago
Software Engineering - Java with AWS,JPMorgan Chase & Co.,"Hyderabad, Telangana, India",,4 days ago
"Engineer, Senior - Golang, Cloud & Embedded",Qualcomm,"Hyderabad, Telangana, India",On-site,29 minutes ago
Accenture MxDR Ops Security Engineering Security Engineer,Accenture in India,"Chennai, Tamil Nadu, India",On-site,3 days ago
Software Simulation Engineer,Aptiv,"Bengaluru, Karnataka, India",On-site,1 month ago
"Software, Senior Design Engineer",Schneider Electric,"Hyderabad, Telangana, India",On-site,1 month ago
Software Designer 1,Alstom,"Bengaluru, Karnataka, India",On-site,1 week ago
Research Scientist,IBM,"Gurgaon, Haryana, India",On-site,1 week ago
Software Engr I,Honeywell,"Hyderabad, Telangana, India",On-site,1 month ago
Lead Data Scientist(JR00094542),Bajaj Finserv,"Pune, Maharashtra, India",,2 weeks ago
Data Scientist.,Antal International,"Bengaluru, Karnataka, India",On-site,12 hours ago
CIEL/SEL/23651: Data Scientist,CIEL HR,"Pune, Maharashtra, India",On-site,1 month ago
Data Scientist,Diverse Lynx,"Pune, Maharashtra, India",On-site,1 month ago
Data Scientist,Applied Materials,"Bengaluru, Karnataka, India",On-site,1 month ago
Data Scientist,Chubb,"Bengaluru, Karnataka, India",,1 month ago
Data Scientist,ACE Online,"Hyderabad, Telangana, India",On-site,1 month ago
Site Reliability Engineer,Cisco,"Hyderabad, Telangana, India",,5 hours ago
"Data Scientist, Advanced",Zebra Technologies,"Bengaluru, Karnataka, India",,6 days ago
"Senior Associate, Data Scientist, Data First.",DBS Bank,Greater Hyderabad Area,On-site,1 month ago
Data Scientist,FamPay,"Bangalore Urban, Karnataka, India",,5 days ago
C ++ Developer,Tata Consultancy Services,"Hyderabad, Telangana, India",Hybrid,6 hours ago
AI Cognitive - Python for Data Science - Citi,Wipro,"Chennai, Tamil Nadu, India",On-site,1 week ago
SDET,Cornerstone OnDemand,"Hyderabad, Telangana, India",Hybrid,6 days ago
Security Support Engineer-Distributed Cloud,F5,"Hyderabad, Telangana, India",,18 minutes ago
Specialist System Engineer-NOC,Societe Generale Global Solution Centre,"Chennai, Tamil Nadu, India",Hybrid,1 week ago
Software Developer,Siemens Healthineers,"Bengaluru, Karnataka, India",On-site,6 days ago
DG-Manager-Data Scientist-HMS021952,Genpact,"Hyderabad, Telangana, India",On-site,2 weeks ago
SDN & Netconf Developer,Infosys,"Bengaluru, Karnataka, India",On-site,4 days ago
Reliability Engineer II,Mastercard,"Pune, Maharashtra, India",Hybrid,8 hours ago
Lead Data Scientist,Eaton,"Pune, Maharashtra, India",,3 weeks ago
Advanced Software Engr- SIT,Honeywell,"Bengaluru, Karnataka, India",On-site,14 hours ago
Software Engineer,Gap Inc.,"Hyderabad, Telangana, India",On-site,1 week ago
Data Scientist,BD,"Bengaluru, Karnataka, India",,1 month ago
SEN00305 - Data Scientist,Antal International,"Bengaluru, Karnataka, India",On-site,1 month ago
Data Scientist,Quadratyx,"Hyderabad, Telangana, India",On-site,1 month ago
Data Scientist,NUNC SYSTEMS PVT LTD,"Hyderabad, Telangana, India",On-site,1 month ago
Software Engineer II,Microsoft,"Hyderabad, Telangana, India",On-site,20 minutes ago
CAE Software Developer (mid-level),Siemens Digital Industries Software,"Pune, Maharashtra, India",Hybrid,3 hours ago
Data Scientist,Michael Page,"Mumbai, Maharashtra, India",On-site,3 weeks ago
Software Engineer,IBM,"Pune, Maharashtra, India",On-site,6 days ago
Associate Software Engineer - IT Proc & Legal FY23 NCG Hire,Micron Technology,"Hyderabad, Telangana, India",,1 week ago
